{
  "version": 2,
  "buildCommand": "npm run build",
  "outputDirectory": "dist/public",
  "installCommand": "npm install",
  "framework": null,
  "rewrites": [
    { "source": "/api/:path*", "destination": "/api/:path*" },
    { "source": "/(.*)", "destination": "/" }
  ],
  "headers": [
    {
      "source": "/api/:path*",
      "headers": [
        { "key": "Access-Control-Allow-Origin", "value": "*" },
        { "key": "Access-Control-Allow-Methods", "value": "GET, POST, PUT, PATCH, DELETE, OPTIONS" },
        { "key": "Access-Control-Allow-Headers", "value": "Content-Type, x-api-key, Authorization" }
      ]
    }
  ],
  "env": {
    "NODE_ENV": "production"
  }
}
